Scenario,Method,Mean_estimate,Bias,Std,RMSE
Moderate confounding,Adjusted regression Y~A+X,1.9976640167321624,-0.0023359832678374426,0.06710577731935645,0.06703455489246243
Moderate confounding,IPW Hajek,2.0198118833915175,0.01981188339151748,0.1304332120915115,0.1317141758909797
Moderate confounding,Naive regression Y~A,3.4629680889686254,1.4629680889686258,0.09762182358579766,1.4662107225927412
No confounding,Adjusted regression Y~A+X,1.9957643305216566,-0.004235669478343516,0.06770765581107471,0.06772729481168793
No confounding,IPW Hajek,1.9957227086736455,-0.004277291326354415,0.06772113074557443,0.06774333619418343
No confounding,Naive regression Y~A,2.0008561851388986,0.0008561851388986723,0.11793105756238637,0.11773745485747378
Poor positivity,Adjusted regression Y~A+X,1.991043041313122,-0.008956958686878137,0.09434495719159172,0.09461251583825157
Poor positivity,IPW Hajek,2.5088382943878473,0.5088382943878472,0.5154712965533155,0.7236997756072531
Poor positivity,Naive regression Y~A,4.181677691842109,2.1816776918421086,0.0871948538404677,2.1834136462145657
